번호,일자,구분,주체,내용,출처,주소,이슈코드,정책연계,후속일정
1,2026-02,관,과기정통부,"인공지능행동계획: AI 보안 인력 수요조사를 근거로 실전형 훈련 기반 양성 방안을 2026년 4분기까지 수립하고, 교육부·노동부·개인정보위 협력 AI 보안 인력 관리 플랫폼은 2027년 4분기까지 구축 추진",인공지능행동계획,https://smartcity.go.kr (인공지능행동계획 PDF),A,Y,2026년 4분기 양성 방안 수립
2,2026-04-07,관,KISA·과기정통부,BoB 등 정보보호 인재 양성사업 확대 및 「인공지능 기반 기업 보안」 교육 신설,이데일리,https://m.news.nate.com/view/20260407n29206,A,N,
3,2026-07-07,관,과기정통부,"융합보안핵심인재양성 사업에 AI 특화 트랙 신설 및 가천대 선정(2031년까지 총 68억 원, 2027년부터 매년 20명 이상 선발). 선정 대학은 기업과 산학협력 프로젝트를 매년 수행하고 인턴십·멘토링을 의무 추진",MTN,https://news.mtn.co.kr/news-detail/2026070714243574876,A,Y,
4,2026-09-15,관,KISA,정보보호 제품 개발 기업 재직자 약 50명 대상 AI 활용 취약점 대응 역량 강화 교육 실시,KISA 보도자료,https://www.kisa.or.kr/402/form?postSeq=2636,D,N,
5,2026-04-02,산,중앙대·두산 디지털이노베이션BU 등,"중앙대 산업보안학과가 4개사와 계약정원 협약 체결(기업 장학금 지원, 조건 충족 시 채용 보장)",뉴스핌,https://www.newspim.com/news/view/20260406000161,B,N,
6,2026-05-20,학,KT·서울대,KT 재직자 대상 재교육형 계약학과 추진 MOU 체결(학과명·개설 시기 협의 중),네이트뉴스,https://m.news.nate.com/view/20260520n32939,B,N,
7,2026-05-27,관,개인정보위·KISA,"중앙대·서울여대 컨소시엄이 「개인정보 보호·활용 석·박사 전문인력 양성 사업」에 선정(최대 5년, 91억 2천만 원)",뉴시스,https://www.newsis.com/view/NISX20260527_0003645408,B,Y,
8,2026-09-15,산,LG유플러스·토스·EY한영·솔트룩스 등 기업,서울여대 대학원 개인정보보호학과 신설에 기업 25곳 참여. 중앙대 채용조건 전형 7명은 참여 4개사 중 1개사 입사 보장. 서울여대는 내년 1학기 신입생 모집 예정,서울경제,https://m.sedaily.com/article/20090764,B,N,서울여대 내년 1학기 신입생 모집
9,2026-04-16,관,과기정통부,정보보호산업 육성 방안: 융합보안대학원 확대 및 2030년까지 최정예 보안 인력 9000명 확보 목표,네이트뉴스,https://m.news.nate.com/view/20260416n32709,B,Y,
10,2026-09-28,산,통신 3사,"개인정보위와 공동선언(투자·전문인력 실효적 확대, 책임 거버넌스, AI 서비스 내 보호 내재화, PET 개발 확대) 발표. 정부와 계약학과 선발 등을 통한 양성 협력 및 민관 소통채널 마련 제안. AI 개발 과정의 개인정보 적법 처리 근거 명확화와 AI 특례 사전협의 체계 요청",ZDNet Korea,https://zdnet.co.kr/view/?no=20260928153633,C,N,연말까지 자체 점검·취급자 교육 강화
11,2026-09-28,관,개인정보위,연말까지 자체 점검·취급자 교육 강화와 유통망 관리·감독 강화 요청. 전 산업의 개인정보 보호·활용 역량 성장을 통신 3사가 선도하도록 요청,아이뉴스24,https://v.daum.net/v/20260928154031810,C,N,
12,2026-09-28,관,한국전력·국정원 지부·기후에너지환경부,실전형 사이버공격 방어훈련 「2026 일렉콘」 공동 개최 및 참가 접수 시작,에너지코리아,https://energykorea.co.kr/news/articleView.html?idxno=66454,D,N,참가 접수 진행
13,2026-09-18,해외,NIST,지역 산업 수요와 교육·훈련을 연계하는 RAMPS 사업 9건 총 170만 달러 이상 협약(8개 주),NIST 보도자료,https://www.nist.gov/news-events/news/2026/09/nist-awards-more-17-million-support-cybersecurity-workforce-development,E,N,
14,2026-09-22,해외,ISACA,"「2026 State of Cybersecurity」 관련 업계 전문가 인터뷰 게시(보안 운영에 AI 미사용 13%, 지원자 적격 응답 31%)",ISACA Now 블로그,https://www.isaca.org/resources/news-and-trends/isaca-now-blog/2026/sizing-up-the-state-of-cyber-industry-leaders-pinpoint-workforce-challenges-and-solutions,E,N,
15,2026-08-18,학,중앙대,2027학년도 정시모집에서 기업 연계 채용조건형 계약학과 신입생 선발 예정,뉴스핌,https://www.newspim.com/news/view/20260818000132,B,N,중앙대 2027학년도 정시 선발
16,2025-04-10,관,과기정통부·KISIA,「2024년 사이버보안 인력수급 실태조사」: 종사자 50인 이상 민간 기업 2만7785곳 대상으로 기업의 인력 필요 여부·채용 실적·채용 계획 등 조사,이투데이,https://www.etoday.co.kr/news/view/2460937,A,N,
